<?xml version="1.0" encoding="UTF-8"?>
<manifest xmlns="http://www.imsglobal.org/xsd/imscp_v1p1" xmlns:adlcp="http://www.adlnet.org/xsd/adlcp_v1p3" xmlns:adlseq="http://www.adlnet.org/xsd/adlseq_v1p3" xmlns:adlnav="http://www.adlnet.org/xsd/adlnav_v1p3" xmlns:imsss="http://www.imsglobal.org/xsd/imsss" xmlns:xsi="http://www.w3.org/2001/XMLSchema-instance" identifier="CEPA_SCORM2004" version="1.0" xsi:schemaLocation="http://www.imsglobal.org/xsd/imscp_v1p1 imscp_v1p1.xsd    http://www.imsglobal.org/xsd/imsss imsss_v1p0.xsd    http://www.adlnet.org/xsd/adlcp_v1p3 adlcp_v1p3.xsd    http://www.adlnet.org/xsd/adlseq_v1p3 adlseq_v1p3.xsd    http://www.adlnet.org/xsd/adlnav_v1p3 adlnav_v1p3.xsd">
  <metadata>
    <schema>ADL SCORM</schema>
    <schemaversion>2004 3rd Edition</schemaversion>
  </metadata>
  <organizations default="CEPA">
    <organization identifier="CEPA">
      <title>Funções de muitas variáveis</title>
      <item identifier="item1" identifierref="resource_item1">
        <title>Funções de muitas variáveis</title>
      </item>
    </organization>
  </organizations>
  <resources>
    <resource identifier="resource_item1" adlcp:scormType="sco" href="index.html" type="webcontent">
      <file href="index.html" />
      <dependency identifierref="shared_resources" />
    </resource>

    <resource identifier="shared_resources" adlcp:scormType="asset">
      <file href="index.html" />
    </resource>
  </resources>
</manifest>

