<?xml version="1.0" encoding="UTF-8" standalone="no"?>
<manifest   identifier="CEPA_SCORM2004" version="1.0"
			xmlns="http://www.imsglobal.org/xsd/imscp_v1p1"
			xmlns:adlcp="http://www.adlnet.org/xsd/adlcp_v1p3"
			xmlns:adlseq="http://www.adlnet.org/xsd/adlseq_v1p3"
			xmlns:adlnav="http://www.adlnet.org/xsd/adlnav_v1p3"
			xmlns:imsss="http://www.imsglobal.org/xsd/imsss"
			xmlns:xsi="http://www.w3.org/2001/XMLSchema-instance"
			xsi:schemaLocation="http://www.imsglobal.org/xsd/imscp_v1p1 imscp_v1p1.xsd
			http://www.imsglobal.org/xsd/imsss imsss_v1p0.xsd
			http://www.adlnet.org/xsd/adlcp_v1p3 adlcp_v1p3.xsd
			http://www.adlnet.org/xsd/adlseq_v1p3 adlseq_v1p3.xsd
			http://www.adlnet.org/xsd/adlnav_v1p3 adlnav_v1p3.xsd" >
<metadata>
	<schema>ADL SCORM</schema>
	<schemaversion>2004 3rd Edition</schemaversion>
</metadata>
<organizations default="CEPA">
	<organization identifier="CEPA">
		<title>Funções de muitas variáveis</title>
		<item identifier="item1" identifierref="resource_item1">
			<title>Introdução</title>
		</item>
		<item identifier="item2" identifierref="resource_item2">
			<title>O domínio de f</title>
		</item>
		<item identifier="item3" identifierref="resource_item3">
			<title>Domínio aberto ou fechado?</title>
		</item>
		<item identifier="item4" identifierref="resource_item4">
			<title>Função inversa</title>
		</item>
		<item identifier="item5" identifierref="resource_item5">
			<title>Gráficos e curvas de nível</title>
		</item>
		<item identifier="item6" identifierref="resource_item6">
			<title>A forma implícita</title>
		</item>
		<!--item identifier="item7" identifierref="resource_item7">
			<title>Limites e continuidade</title>
		</item-->
		<imsss:sequencing>
			<imsss:controlMode choiceExit="true" flow="true"/>
			<imsss:deliveryControls completionSetByContent="true" objectiveSetByContent="true"/>
		</imsss:sequencing>
	</organization>
</organizations>
<resources>
	<resource identifier="resource_item1" adlcp:scormType="sco" href="01/index.html" type="webcontent">
		<file href="01/index.html"/>
		<dependency identifierref="shared_resources"/>
	</resource>
	<resource identifier="resource_item2" adlcp:scormType="sco" href="02/index.html" type="webcontent">
		<file href="02/index.html"/>
		<dependency identifierref="shared_resources"/>
	</resource>
	<resource identifier="resource_item3" adlcp:scormType="sco" href="03/index.html" type="webcontent">
		<file href="03/index.html"/>
		<dependency identifierref="shared_resources"/>
	</resource>
	<resource identifier="resource_item4" adlcp:scormType="sco" href="04/index.html" type="webcontent">
		<file href="04/index.html"/>
		<dependency identifierref="shared_resources"/>
	</resource>
	<!--<resource identifier="resource_item5" adlcp:scormType="sco" href="05/index.html" type="webcontent">
		<file href="05/index.html"/>
		<file href="05/js/ai.js"/>
		<file href="05/css/style.css.js"/>
		<dependency identifierref="shared_resources"/>
	</resource>
	<resource identifier="resource_item6" adlcp:scormType="sco" href="06/index.html" type="webcontent">
		<file href="06/index.html"/>
		<file href="06/js/ai.js"/>
		<file href="06/css/style.css.js"/>
		<dependency identifierref="shared_resources"/>
	</resource>
	<resource identifier="resource_item7" adlcp:scormType="sco" href="07/index.html" type="webcontent">
		<file href="07/index.html"/>
		<file href="07/js/ai.js"/>
		<file href="07/css/style.css.js"/>
		<dependency identifierref="shared_resources"/>
	</resource>-->
	<resource identifier="shared_resources" adlcp:scormType="asset">
		<file href="./images/limite.jpg"/>
		<file href="./images/limite2.jpg"/>
		<file href="./swf/AI-0111.swf"/>
		<file href="./swf/AI-0112.swf"/>
		<file href="./swf/AI-0113.swf"/>
		<file href="./swf/AI-0114.swf"/>
		<file href="./swf/AI-0115.swf"/>
		<file href="./swf/AI-0117.swf"/>
		<file href="./swf/ai-0119.swf"/>
		<file href="./js/jquery.tooltip.pack.js"/>
		<file href="./js/jquery-1.5.1.min.js"/>
		<file href="./js/jquery-swfobject.js"/>
		<file href="./js/jquery-ui-1.8.6.custom.min.js"/>
		<file href="./js/SCORM_API_wrapper.js"/>
		<file href="./js/scorm-config.js"/>
		<file href="./css/style.css"/>
		<file href="./css/overcast/jquery-ui-1.8.6.custom.css"/>
		<file href="./css/overcast/images/ui-bg_flat_0_aaaaaa_40x100.png"/>
		<file href="./css/overcast/images/ui-bg_flat_0_eeeeee_40x100.png"/>
		<file href="./css/overcast/images/ui-bg_flat_55_c0402a_40x100.png"/>
		<file href="./css/overcast/images/ui-bg_flat_55_eeeeee_40x100.png"/>
		<file href="./css/overcast/images/ui-bg_glass_100_f8f8f8_1x400.png"/>
		<file href="./css/overcast/images/ui-bg_glass_35_dddddd_1x400.png"/>
		<file href="./css/overcast/images/ui-bg_glass_60_eeeeee_1x400.png"/>
		<file href="./css/overcast/images/ui-bg_inset-hard_75_999999_1x100.png"/>
		<file href="./css/overcast/images/ui-bg_inset-soft_50_c9c9c9_1x100.png"/>
		<file href="./css/overcast/images/ui-icons_3383bb_256x240.png"/>
		<file href="./css/overcast/images/ui-icons_454545_256x240.png"/>
		<file href="./css/overcast/images/ui-icons_70b2e1_256x240.png"/>
		<file href="./css/overcast/images/ui-icons_999999_256x240.png"/>
		<file href="./css/overcast/images/ui-icons_fbc856_256x240.png"/>
		<file href="./css/ui-lightness/jquery-ui-1.8.5.custom.css"/>
		<file href="./css/ui-lightness/images/ui-bg_diagonals-thick_18_b81900_40x40.png"/>
		<file href="./css/ui-lightness/images/ui-bg_diagonals-thick_20_666666_40x40.png"/>
		<file href="./css/ui-lightness/images/ui-bg_flat_10_000000_40x100.png"/>
		<file href="./css/ui-lightness/images/ui-bg_glass_100_f6f6f6_1x400.png"/>
		<file href="./css/ui-lightness/images/ui-bg_glass_100_fdf5ce_1x400.png"/>
		<file href="./css/ui-lightness/images/ui-bg_glass_65_ffffff_1x400.png"/>
		<file href="./css/ui-lightness/images/ui-bg_gloss-wave_35_f6a828_500x100.png"/>
		<file href="./css/ui-lightness/images/ui-bg_highlight-soft_100_eeeeee_1x100.png"/>
		<file href="./css/ui-lightness/images/ui-bg_highlight-soft_75_ffe45c_1x100.png"/>
		<file href="./css/ui-lightness/images/ui-icons_222222_256x240.png"/>
		<file href="./css/ui-lightness/images/ui-icons_228ef1_256x240.png"/>
		<file href="./css/ui-lightness/images/ui-icons_ef8c08_256x240.png"/>
		<file href="./css/ui-lightness/images/ui-icons_ffd27a_256x240.png"/>
		<file href="./css/ui-lightness/images/ui-icons_ffffff_256x240.png"/>
	</resource>
</resources>
</manifest>
