<?xml version="1.0" encoding="UTF-8" standalone="no"?>
<manifest   identifier="CEPA_SCORM2004" version="1.0"
			xmlns="http://www.imsglobal.org/xsd/imscp_v1p1"
			xmlns:adlcp="http://www.adlnet.org/xsd/adlcp_v1p3"
			xmlns:adlseq="http://www.adlnet.org/xsd/adlseq_v1p3"
			xmlns:adlnav="http://www.adlnet.org/xsd/adlnav_v1p3"
			xmlns:imsss="http://www.imsglobal.org/xsd/imsss"
			xmlns:xsi="http://www.w3.org/2001/XMLSchema-instance"
			xsi:schemaLocation="http://www.imsglobal.org/xsd/imscp_v1p1 imscp_v1p1.xsd
			http://www.imsglobal.org/xsd/imsss imsss_v1p0.xsd
			http://www.adlnet.org/xsd/adlcp_v1p3 adlcp_v1p3.xsd
			http://www.adlnet.org/xsd/adlseq_v1p3 adlseq_v1p3.xsd
			http://www.adlnet.org/xsd/adlnav_v1p3 adlnav_v1p3.xsd" >
<metadata>
	<schema>ADL SCORM</schema>
	<schemaversion>2004 3rd Edition</schemaversion>
</metadata>
<organizations default="CEPA">
	<organization identifier="CEPA">
		<title>Funções de muitas variáveis</title>
		<item identifier="item1" identifierref="resource_item1">
			<title>Introdução</title>
		</item>
		<item identifier="item2" identifierref="resource_item2">
			<title>O domínio de f</title>
		</item>
		<item identifier="item3" identifierref="resource_item3">
			<title>Domínio aberto ou fechado?</title>
		</item>
		<item identifier="item4" identifierref="resource_item4">
			<title>Função inversa</title>
		</item>
		<item identifier="item5" identifierref="resource_item5">
			<title>Gráficos e curvas de nível</title>
		</item>
		<item identifier="item6" identifierref="resource_item6">
			<title>A forma implícita</title>
		</item>
		<!--item identifier="item7" identifierref="resource_item7">
			<title>Limites e continuidade</title>
		</item-->
		<imsss:sequencing>
			<imsss:controlMode choiceExit="true" flow="true"/>
			<imsss:deliveryControls completionSetByContent="true" objectiveSetByContent="true"/>
		</imsss:sequencing>
	</organization>
</organizations>
<resources>
	<resource identifier="resource_item1" adlcp:scormType="sco" href="01/index.html" type="webcontent">
		<file href="01/index.html"/>
		<dependency identifierref="shared_resources"/>
	</resource>
	<resource identifier="resource_item2" adlcp:scormType="sco" href="02/index.html" type="webcontent">
		<file href="02/index.html"/>
		<dependency identifierref="shared_resources"/>
	</resource>
	<resource identifier="resource_item3" adlcp:scormType="sco" href="03/index.html" type="webcontent">
		<file href="03/index.html"/>
		<dependency identifierref="shared_resources"/>
	</resource>
	<resource identifier="resource_item4" adlcp:scormType="sco" href="04/index.html" type="webcontent">
		<file href="04/index.html"/>
		<dependency identifierref="shared_resources"/>
	</resource>
	<resource identifier="resource_item5" adlcp:scormType="sco" href="05/index.html" type="webcontent">
		<file href="05/index.html"/>
		<dependency identifierref="shared_resources"/>
	</resource>
	<resource identifier="resource_item6" adlcp:scormType="sco" href="06/index.html" type="webcontent">
		<file href="06/index.html"/>
		<dependency identifierref="shared_resources"/>
	</resource>
	<!--<resource identifier="resource_item7" adlcp:scormType="sco" href="07/index.html" type="webcontent">
		<file href="07/index.html"/>
		<file href="07/js/ai.js"/>
		<file href="07/css/oa.css.js"/>
		<dependency identifierref="shared_resources"/>
	</resource>-->
	<resource identifier="shared_resources" adlcp:scormType="asset">
		<file href="./src/01"/>
		<file href="./src/02"/>
		<file href="./src/03"/>
		<file href="./src/04"/>
		<file href="./src/05"/>
		<file href="./src/06"/>
		<file href="./src/07"/>
		<file href="./src/css"/>
		<file href="./src/dev"/>
		<file href="./src/expressInstall.swf"/>
		<file href="./src/figures"/>
		<file href="./src/flash"/>
		<file href="./src/imsmanifest.xml"/>
		<file href="./src/index.html"/>
		<file href="./src/js"/>
		<file href="./src/listagem.txt"/>
		<file href="./src/swf"/>
		<file href="./src/01/conteudo.html"/>
		<file href="./src/01/hooks.js"/>
		<file href="./src/01/index.html"/>
		<file href="./src/01/temp.png"/>
		<file href="./src/02/conteudo.html"/>
		<file href="./src/02/hooks.js"/>
		<file href="./src/02/index.html"/>
		<file href="./src/02/temp.png"/>
		<file href="./src/03/conteudo.html"/>
		<file href="./src/03/hooks.js"/>
		<file href="./src/03/index.html"/>
		<file href="./src/03/temp.png"/>
		<file href="./src/04/conteudo.html"/>
		<file href="./src/04/hooks.js"/>
		<file href="./src/04/index.html"/>
		<file href="./src/04/temp.png"/>
		<file href="./src/05/AI-0112 - ExternalInterface (comandos).txt"/>
		<file href="./src/05/conteudo.html"/>
		<file href="./src/05/hooks.js"/>
		<file href="./src/05/index.html"/>
		<file href="./src/05/temp.png"/>
		<file href="./src/06/conteudo.html"/>
		<file href="./src/06/hooks.js"/>
		<file href="./src/06/index.html"/>
		<file href="./src/07/conteudo.html"/>
		<file href="./src/07/hooks.js"/>
		<file href="./src/07/index.html"/>
		<file href="./src/css/oa.css"/>
		<file href="./src/css/smoothness"/>
		<file href="./src/css/smoothness/images"/>
		<file href="./src/css/smoothness/jquery-ui-1.8.19.custom.css"/>
		<file href="./src/css/smoothness/images/ui-bg_flat_0_aaaaaa_40x100.png"/>
		<file href="./src/css/smoothness/images/ui-bg_flat_75_ffffff_40x100.png"/>
		<file href="./src/css/smoothness/images/ui-bg_glass_55_fbf9ee_1x400.png"/>
		<file href="./src/css/smoothness/images/ui-bg_glass_65_ffffff_1x400.png"/>
		<file href="./src/css/smoothness/images/ui-bg_glass_75_dadada_1x400.png"/>
		<file href="./src/css/smoothness/images/ui-bg_glass_75_e6e6e6_1x400.png"/>
		<file href="./src/css/smoothness/images/ui-bg_glass_95_fef1ec_1x400.png"/>
		<file href="./src/css/smoothness/images/ui-bg_highlight-soft_75_cccccc_1x100.png"/>
		<file href="./src/css/smoothness/images/ui-icons_222222_256x240.png"/>
		<file href="./src/css/smoothness/images/ui-icons_2e83ff_256x240.png"/>
		<file href="./src/css/smoothness/images/ui-icons_454545_256x240.png"/>
		<file href="./src/css/smoothness/images/ui-icons_888888_256x240.png"/>
		<file href="./src/css/smoothness/images/ui-icons_cd0a0a_256x240.png"/>
		<file href="./src/dev/AI-0119"/>
		<file href="./src/dev/AI-0119/AI-0119.as3proj"/>
		<file href="./src/dev/AI-0119/AI-0119.lxml"/>
		<file href="./src/dev/AI-0119/bin"/>
		<file href="./src/dev/AI-0119/obj"/>
		<file href="./src/dev/AI-0119/src"/>
		<file href="./src/dev/AI-0119/bin/AI0119.swf"/>
		<file href="./src/dev/AI-0119/bin/expressInstall.swf"/>
		<file href="./src/dev/AI-0119/bin/index.html"/>
		<file href="./src/dev/AI-0119/bin/js"/>
		<file href="./src/dev/AI-0119/bin/js/swfobject.js"/>
		<file href="./src/dev/AI-0119/obj/AI-0119Config.old"/>
		<file href="./src/dev/AI-0119/obj/AI-0119Config.xml"/>
		<file href="./src/dev/AI-0119/src/119.swc"/>
		<file href="./src/dev/AI-0119/src/ai-0119.fla"/>
		<file href="./src/dev/AI-0119/src/ai-0119.html"/>
		<file href="./src/dev/AI-0119/src/ai-0119.swf"/>
		<file href="./src/dev/AI-0119/src/Cabo.as"/>
		<file href="./src/dev/AI-0119/src/cepa"/>
		<file href="./src/dev/AI-0119/src/Main.as"/>
		<file href="./src/dev/AI-0119/src/SimbExpr.as"/>
		<file href="./src/dev/AI-0119/src/SimbMat.as"/>
		<file href="./src/dev/AI-0119/src/cepa/tutorial"/>
		<file href="./src/dev/AI-0119/src/cepa/tutorial/CaixaTexto.as"/>
		<file href="./src/dev/AI-0119/src/cepa/tutorial/NextButton.as"/>
		<file href="./src/dev/AI-0119/src/cepa/tutorial/Tutorial.as"/>
		<file href="./src/dev/AI-0119/src/cepa/tutorial/TutorialEvent.as"/>
		<file href="./src/figures/ampulheta.gif"/>
		<file href="./src/figures/step.png"/>
		<file href="./src/figures/step_active.png"/>
		<file href="./src/figures/step_hover.png"/>
		<file href="./src/figures/Thumbs.db"/>
		<file href="./src/flash/AI0125.swf"/>
		<file href="./src/flash/AI1.swf"/>
		<file href="./src/flash/expressInstall.swf"/>
		<file href="./src/flash/fontswf"/>
		<file href="./src/flash/index.html"/>
		<file href="./src/flash/js"/>
		<file href="./src/flash/fontswf/fonts.swf"/>
		<file href="./src/flash/fontswf/s0000.swf"/>
		<file href="./src/flash/fontswf/s0100.swf"/>
		<file href="./src/flash/fontswf/s0200.swf"/>
		<file href="./src/flash/fontswf/s0300.swf"/>
		<file href="./src/flash/fontswf/s0400.swf"/>
		<file href="./src/flash/fontswf/s1D00.swf"/>
		<file href="./src/flash/fontswf/s1E00.swf"/>
		<file href="./src/flash/fontswf/s1F00.swf"/>
		<file href="./src/flash/fontswf/s2000.swf"/>
		<file href="./src/flash/fontswf/s2100.swf"/>
		<file href="./src/flash/fontswf/s2200.swf"/>
		<file href="./src/flash/fontswf/s2300.swf"/>
		<file href="./src/flash/fontswf/s2400.swf"/>
		<file href="./src/flash/fontswf/s2500.swf"/>
		<file href="./src/flash/fontswf/s2600.swf"/>
		<file href="./src/flash/fontswf/s2700.swf"/>
		<file href="./src/flash/fontswf/s2900.swf"/>
		<file href="./src/flash/fontswf/s2A00.swf"/>
		<file href="./src/flash/fontswf/s2B00.swf"/>
		<file href="./src/flash/fontswf/s2C00.swf"/>
		<file href="./src/flash/fontswf/s2E00.swf"/>
		<file href="./src/flash/fontswf/s3000.swf"/>
		<file href="./src/flash/fontswf/s3100.swf"/>
		<file href="./src/flash/fontswf/s4E00.swf"/>
		<file href="./src/flash/fontswf/s4F00.swf"/>
		<file href="./src/flash/fontswf/s5000.swf"/>
		<file href="./src/flash/fontswf/s5100.swf"/>
		<file href="./src/flash/fontswf/s5200.swf"/>
		<file href="./src/flash/fontswf/s5300.swf"/>
		<file href="./src/flash/fontswf/s5400.swf"/>
		<file href="./src/flash/fontswf/s5500.swf"/>
		<file href="./src/flash/fontswf/s5600.swf"/>
		<file href="./src/flash/fontswf/s5700.swf"/>
		<file href="./src/flash/fontswf/s5800.swf"/>
		<file href="./src/flash/fontswf/s5900.swf"/>
		<file href="./src/flash/fontswf/s5A00.swf"/>
		<file href="./src/flash/fontswf/s5B00.swf"/>
		<file href="./src/flash/fontswf/s5C00.swf"/>
		<file href="./src/flash/fontswf/s5D00.swf"/>
		<file href="./src/flash/fontswf/s5E00.swf"/>
		<file href="./src/flash/fontswf/s5F00.swf"/>
		<file href="./src/flash/fontswf/s6000.swf"/>
		<file href="./src/flash/fontswf/s6100.swf"/>
		<file href="./src/flash/fontswf/s6200.swf"/>
		<file href="./src/flash/fontswf/s6300.swf"/>
		<file href="./src/flash/fontswf/s6400.swf"/>
		<file href="./src/flash/fontswf/s6500.swf"/>
		<file href="./src/flash/fontswf/s6600.swf"/>
		<file href="./src/flash/fontswf/s6700.swf"/>
		<file href="./src/flash/fontswf/s6800.swf"/>
		<file href="./src/flash/fontswf/s6900.swf"/>
		<file href="./src/flash/fontswf/s6A00.swf"/>
		<file href="./src/flash/fontswf/s6B00.swf"/>
		<file href="./src/flash/fontswf/s6C00.swf"/>
		<file href="./src/flash/fontswf/s6D00.swf"/>
		<file href="./src/flash/fontswf/s6E00.swf"/>
		<file href="./src/flash/fontswf/s6F00.swf"/>
		<file href="./src/flash/fontswf/s7000.swf"/>
		<file href="./src/flash/fontswf/s7100.swf"/>
		<file href="./src/flash/fontswf/s7200.swf"/>
		<file href="./src/flash/fontswf/s7300.swf"/>
		<file href="./src/flash/fontswf/s7400.swf"/>
		<file href="./src/flash/fontswf/s7500.swf"/>
		<file href="./src/flash/fontswf/s7600.swf"/>
		<file href="./src/flash/fontswf/s7700.swf"/>
		<file href="./src/flash/fontswf/s7800.swf"/>
		<file href="./src/flash/fontswf/s7900.swf"/>
		<file href="./src/flash/fontswf/s7A00.swf"/>
		<file href="./src/flash/fontswf/s7B00.swf"/>
		<file href="./src/flash/fontswf/s7C00.swf"/>
		<file href="./src/flash/fontswf/s7D00.swf"/>
		<file href="./src/flash/fontswf/s7E00.swf"/>
		<file href="./src/flash/fontswf/s7F00.swf"/>
		<file href="./src/flash/fontswf/s8000.swf"/>
		<file href="./src/flash/fontswf/s8100.swf"/>
		<file href="./src/flash/fontswf/s8200.swf"/>
		<file href="./src/flash/fontswf/s8300.swf"/>
		<file href="./src/flash/fontswf/s8400.swf"/>
		<file href="./src/flash/fontswf/s8500.swf"/>
		<file href="./src/flash/fontswf/s8600.swf"/>
		<file href="./src/flash/fontswf/s8700.swf"/>
		<file href="./src/flash/fontswf/s8800.swf"/>
		<file href="./src/flash/fontswf/s8900.swf"/>
		<file href="./src/flash/fontswf/s8A00.swf"/>
		<file href="./src/flash/fontswf/s8B00.swf"/>
		<file href="./src/flash/fontswf/s8C00.swf"/>
		<file href="./src/flash/fontswf/s8D00.swf"/>
		<file href="./src/flash/fontswf/s8E00.swf"/>
		<file href="./src/flash/fontswf/s8F00.swf"/>
		<file href="./src/flash/fontswf/s9000.swf"/>
		<file href="./src/flash/fontswf/s9100.swf"/>
		<file href="./src/flash/fontswf/s9200.swf"/>
		<file href="./src/flash/fontswf/s9300.swf"/>
		<file href="./src/flash/fontswf/s9400.swf"/>
		<file href="./src/flash/fontswf/s9500.swf"/>
		<file href="./src/flash/fontswf/s9600.swf"/>
		<file href="./src/flash/fontswf/s9700.swf"/>
		<file href="./src/flash/fontswf/s9800.swf"/>
		<file href="./src/flash/fontswf/s9900.swf"/>
		<file href="./src/flash/fontswf/s9A00.swf"/>
		<file href="./src/flash/fontswf/s9B00.swf"/>
		<file href="./src/flash/fontswf/s9C00.swf"/>
		<file href="./src/flash/fontswf/s9D00.swf"/>
		<file href="./src/flash/fontswf/s9E00.swf"/>
		<file href="./src/flash/fontswf/s9F00.swf"/>
		<file href="./src/flash/fontswf/sE000.swf"/>
		<file href="./src/flash/fontswf/sE100.swf"/>
		<file href="./src/flash/fontswf/sE200.swf"/>
		<file href="./src/flash/fontswf/sE300.swf"/>
		<file href="./src/flash/fontswf/sFB00.swf"/>
		<file href="./src/flash/fontswf/sFE00.swf"/>
		<file href="./src/flash/fontswf/sFF00.swf"/>
		<file href="./src/flash/js/swfobject.js"/>
		<file href="./src/js/ai.js"/>
		<file href="./src/js/jquery-1.4.2.min.js"/>
		<file href="./src/js/jquery-1.7.2.min.js"/>
		<file href="./src/js/jquery-ui-1.8.22.custom.min.js"/>
		<file href="./src/js/jquery-ui-1.8.6.custom.min.js"/>
		<file href="./src/js/jquery.flash.js"/>
		<file href="./src/js/scorm_wrapper.min.js"/>
		<file href="./src/js/swfobject.js"/>
		<file href="./src/swf/AI-0111.swf"/>
		<file href="./src/swf/AI-0112.swf"/>
		<file href="./src/swf/AI-0113.swf"/>
		<file href="./src/swf/AI-0114.swf"/>
		<file href="./src/swf/AI-0115.swf"/>
		<file href="./src/swf/AI-0117.swf"/>
		<file href="./src/swf/ai-0119.swf"/>
		<file href="./src/swf/AI0119.swf"/>
	</resource>
</resources>
</manifest>
